1001,Emma Collins
1002,Liam Thompson
1003,Olivia Johnson
1004,Noah Brown
1005,Ava Martinez
1006,William Davis
1007,Sophia Wilson
1008,James Garcia
1009,Isabella Anderson
1010,Benjamin Lee
1011,Mia Clark
1012,Lucas Walker
1013,Amelia Hall
1014,Henry Lewis
1015,Evelyn Young
1016,Alexander King
1017,Harper Wright
1018,Michael Scott
1019,Abigail Baker
1020,Daniel Green
1021,Emily Adams
1022,Matthew Nelson
1023,Ella Carter
1024,Aiden Mitchell
1025,Madison Perez
1026,Jackson Roberts
1027,Scarlett Turner
1028,Logan Phillips
1029,Grace Campbell
1030,Ethan Parker
1031,Chloe Evans
1032,Jacob Edwards
1033,Victoria Collins
1034,David Stewart
1035,Aria Sanchez
1036,Joseph Morgan
1037,Lily Rogers
1038,Samuel Brooks
1039,Zoey Reed
1040,Anthony Bennett
1041,Layla Foster
1042,Christopher Hughes
1043,Nora Simmons
1044,Andrew Sanders
1045,Hannah Patterson
1046,Joshua Price
1047,Riley Flores
1048,Nathaniel Butler
1049,Penelope Barnes
1050,Jack Ward
1051,Lillian Gray
1052,Ryan Powell
1053,Ellie Bryant
1054,Luke Ross
1055,Mila Ramirez
1056,Gabriel Griffin
1057,Addison Russell
1058,Caleb Wood
1059,Paisley Cox
1060,Isaac Bennett
1061,Leah Kelly
1062,Julian Diaz
1063,Audrey Morales
1064,Owen Foster
1065,Aurora Richardson
1066,Levi Perry
1067,Savannah Cook
1068,Dylan Cooper
1069,Stella Bailey
1070,Zachary Bell